云厂商,AI Capex 2026E,DC液冷比例,自研芯片,液冷采购策略,DC合作方,液冷供应商,海悟切入点,海悟机会评级,优先级,备注
字节跳动,¥200-250B,70%+,传闻推理芯片,多供应商,秦淮数据,英维克/高澜?,通过H3C/秦淮间接进入,P0,1,国内规模最大
阿里云,¥180-220B,60%+,含光800/PPU,阿里认证→招标,数据港,英维克?,通过H3C间接→争取认证,P1,2,PPU液冷新窗口
腾讯,¥120-150B,50%+,蓬莱/紫霄,招标,万国/世纪互联,合作采购,通过OEM进入,P1,3,采购较开放
百度,¥80-100B,50%+,昆仑芯2/3,开放采购,自建+合作,开放采购,直接送样,P1,4,自研芯片有液冷需求
快手/小红书/美团,¥30-50B,30-50%,无,跟随腾讯/阿里,合作DC,通用供应商,远期,P2,5,T2层级适度关注
Microsoft,$80B,70%+,Maia 100/200,半开放,自建+Equinix,CoolIT/AVC(通过OEM),通过OEM远期,P2,6,海外超节点
Google,$75B,90%+,TPU v5p/v6,封闭(自研CDU),自建,自研CDU+冷板,无,—,—,液冷全自研
Amazon,$100B,70%+,Trainium2/Inferentia3,封闭,自建,自研冷板,无,—,—,液冷全自研
Meta,$65B,80%+,MTIA v2/v3,半开放(OCP),自建,CoolIT/AVC?,远期(OCP认证),P2,7,OCP认证可进入
